,C0.46,C0.66,C0.89,C1.15,C1.45,C1.85,C2.55,C3.5,C4.5,C5.75,C7.25,C9,C11,C13,C15,C16.5
,,,,,,,,,,,,,,,,
Timestamp,,,,,,,,,,,,,,,,
2017-06-11 00:00:00,,,,,,,,,,,,,,,,
2017-06-11 01:00:00,,,,,,,,,,,,,,,,
2017-06-11 02:00:00,,,,,,,,,,,,,,,,
2017-06-11 03:00:00,,,,,,,,,,,,,,,,
2017-06-11 04:00:00,,,,,,,,,,,,,,,,
2017-06-11 05:00:00,,,,,,,,,,,,,,,,
2017-06-11 06:00:00,,,,,,,,,,,,,,,,
2017-06-11 07:00:00,,,,,,,,,,,,,,,,
2017-06-11 08:00:00,,,,,,,,,,,,,,,,
2017-06-11 09:00:00,,,,,,,,,,,,,,,,
2017-06-11 10:00:00,,,,,,,,,,,,,,,,
2017-06-11 11:00:00,,,,,,,,,,,,,,,,
2017-06-11 12:00:00,,,,,,,,,,,,,,,,
2017-06-11 13:00:00,1.613340427308283e-11,1.6372858913133725e-11,2.2770445452793463e-11,2.4131160237517047e-11,3.6278552664962824e-11,4.7091350817437207e-11,9.865895054245729e-11,,,,,,,,,
2017-06-11 14:00:00,1.8925724243424093e-11,1.6067395127440926e-11,2.366927882593005e-11,3.062801107069472e-11,3.545404010439548e-11,6.879432119416915e-11,1.5621000502555737e-10,2.551056534520121e-10,6.099665423828903e-10,1.131148136133612e-09,2.267409541560176e-09,4.337539856944999e-09,7.919431480924269e-09,1.3072119431698439e-08,,
2017-06-11 15:00:00,1.548975085619061e-11,1.478651816845115e-11,2.3142376503746536e-11,2.523330457528826e-11,3.466617254652003e-11,7.626501693360564e-11,1.6190186755685295e-10,2.7104975679276287e-10,6.099665423828903e-10,1.25683126237068e-09,2.267409541560176e-09,4.337539856944999e-09,,1.3072119431698439e-08,2.008120304141203e-08,
2017-06-11 16:00:00,1.6395875217932277e-11,1.574929146096085e-11,2.3142376503746536e-11,2.765977329111624e-11,3.33370483948307e-11,6.248218254801426e-11,1.7539368985325738e-10,4.1038735555323687e-10,6.024360912423609e-10,1.7481380285701276e-09,2.915240839148798e-09,4.337539856944999e-09,9.899289351155337e-09,1.3072119431698439e-08,2.008120304141203e-08,
2017-06-11 17:00:00,1.3648584230339647e-11,1.425497666566369e-11,2.2860328790107122e-11,2.484691499032476e-11,3.174373358184247e-11,5.6894040171271077e-11,1.5292137334080881e-10,2.9435267706001395e-10,5.421924821181248e-10,1.3573777633603343e-09,2.267409541560176e-09,4.337539856944999e-09,7.919431480924269e-09,1.3072119431698439e-08,,
2017-06-11 18:00:00,1.5926565756761255e-11,1.8875555309016747e-11,3.6593882846549206e-11,3.414786826063734e-11,4.205014058893418e-11,8.371795700877728e-11,1.91151716676011e-10,3.0881210681033043e-10,8.810627834419527e-10,1.88524689355602e-09,2.83426192695022e-09,1.0120926332871663e-08,,1.3072119431698439e-08,2.008120304141203e-08,
2017-06-11 19:00:00,2.1944438371630054e-11,2.979549304517632e-11,4.8122994050233846e-11,5.594041691424408e-11,5.749808346899768e-11,1.2936793733997845e-10,1.9074063771541745e-10,3.342763734888435e-10,5.421924821181248e-10,1.131148136133612e-09,3.401114312340264e-09,4.337539856944999e-09,7.919431480924269e-09,,,
2017-06-11 20:00:00,1.4903404562690535e-11,3.164604819777339e-11,5.243194676630073e-11,6.243937711457537e-11,5.985961189718865e-11,1.3120624641548026e-10,2.5256691338869063e-10,2.7104975679276287e-10,6.196485509921426e-10,1.131148136133612e-09,,4.337539856944999e-09,,,,
2017-06-11 21:00:00,,,,,,,,,,,,,,,,
2017-06-11 22:00:00,,,,,,,,,,,,,,,,
2017-06-11 23:00:00,,,,,,,,,,,,,,,,
2017-06-12 00:00:00,1.7876363503952636e-11,1.910166873198934e-11,2.5167334447824353e-11,2.5743371374075298e-11,2.972825843378898e-11,5.880676004518989e-11,1.2108143930210667e-10,2.782970764931041e-10,5.421924821181248e-10,,,,,,,
2017-06-12 01:00:00,1.4411128893845186e-11,2.5630448044863313e-11,3.334671814336727e-11,2.979990262089929e-11,2.8809438880999882e-11,5.2945951189334816e-11,1.118134772814516e-10,2.551056534520121e-10,5.421924821181248e-10,,,,,1.3072119431698439e-08,,
2017-06-12 02:00:00,1.4565568319365292e-11,2.66568063647911e-11,3.292726256923687e-11,2.7470740448959144e-11,2.461758930836763e-11,5.7855088147137145e-11,1.1327509136356206e-10,3.279929830097299e-10,5.421924821181248e-10,1.131148136133612e-09,2.267409541560176e-09,4.337539856944999e-09,,1.3072119431698439e-08,,
2017-06-12 03:00:00,1.2007665334188487e-11,2.366326126500172e-11,2.8942434614998008e-11,2.3243985228784808e-11,2.4876721827403075e-11,5.41550534400528e-11,1.479884258136859e-10,3.2223872014990994e-10,5.421924821181248e-10,1.5553286871837164e-09,2.267409541560176e-09,,,1.3072119431698439e-08,,
2017-06-12 04:00:00,9.710378879576862e-12,2.121140527850757e-11,3.2088351420976054e-11,2.5307043045701147e-11,3.023212722080235e-11,4.9445918358309073e-11,1.0688052975432871e-10,3.061267841424145e-10,5.421924821181248e-10,1.131148136133612e-09,2.267409541560176e-09,4.337539856944999e-09,7.919431480924269e-09,,,
2017-06-12 05:00:00,8.726481946231591e-12,1.8642610161400173e-11,2.6873594410388717e-11,2.3796005234218202e-11,2.4541373861592497e-11,4.9089165700601213e-11,1.258752127610662e-10,3.9425419169856416e-10,5.421924821181248e-10,1.3196728254892142e-09,2.267409541560176e-09,4.337539856944999e-09,,,,
2017-06-12 06:00:00,7.519269530010315e-12,1.781872083207961e-11,2.6984975269056116e-11,2.8440295994216525e-11,2.60461403748451e-11,5.399808227066134e-11,1.272181204363265e-10,3.2467992257528814e-10,6.325578958044789e-10,1.131148136133612e-09,2.267409541560176e-09,4.337539856944999e-09,7.919431480924269e-09,,2.008120304141203e-08,
2017-06-12 07:00:00,8.030850127045677e-12,1.750511134543501e-11,3.103971248565004e-11,3.338837257001282e-11,3.706721685333158e-11,5.880676004518989e-11,1.4469979412893735e-10,2.782970764931041e-10,5.421924821181248e-10,1.131148136133612e-09,2.267409541560176e-09,4.337539856944999e-09,7.919431480924269e-09,1.3072119431698439e-08,,
2017-06-12 08:00:00,7.538574458200328e-12,1.938676826530262e-11,3.236798847039632e-11,3.167214781174113e-11,3.584666513323707e-11,6.948590431728513e-11,1.479884258136859e-10,2.91549318230871e-10,6.777406026476559e-10,1.3196728254892142e-09,2.267409541560176e-09,4.337539856944999e-09,7.919431480924269e-09,1.3072119431698439e-08,2.008120304141203e-08,
2017-06-12 09:00:00,8.598873098873873e-12,1.919348044610718e-11,3.5120517562783146e-11,3.74449038168368e-11,3.7487837753794916e-11,8.397957562442969e-11,1.462874094250229e-10,2.551056534520121e-10,5.421924821181248e-10,1.131148136133612e-09,2.267409541560176e-09,4.337539856944999e-09,7.919431480924269e-09,,,
2017-06-12 10:00:00,8.316563064257878e-12,1.943238419063274e-11,3.4730921537997606e-11,2.9681327092145973e-11,4.0309502961069796e-11,6.121875606266838e-11,1.2496800402044588e-10,2.551056534520121e-10,5.421924821181248e-10,1.131148136133612e-09,,,,,,
2017-06-12 11:00:00,,,,,,,,,,,,,,,,
2017-06-12 12:00:00,,,,,,,,,,,,,,,,
2017-06-12 13:00:00,,,,,,,,,,,,,,,,
2017-06-12 14:00:00,5.590549612577421e-12,1.5046273329553593e-11,3.295722368167474e-11,4.02596397840208e-11,4.491630329947778e-11,7.534616130789954e-11,1.1510210896620018e-10,2.8699386013351366e-10,5.421924821181248e-10,,,,,,,
2017-06-12 15:00:00,6.274101661754435e-12,1.5708984285561386e-11,3.54439960140193e-11,4.343608842753069e-11,3.802271385077835e-11,7.614771621543039e-11,1.4250737300577164e-10,2.721126970154796e-10,5.421924821181248e-10,,2.267409541560176e-09,,,,,
2017-06-12 16:00:00,6.341668910419481e-12,1.4910705592284218e-11,3.2787444044526733e-11,4.072133290081002e-11,3.307750390040728e-11,6.686971816076085e-11,1.4490533360923414e-10,2.551056534520121e-10,5.421924821181248e-10,1.131148136133612e-09,,,,,,
2017-06-12 17:00:00,6.380278766799511e-12,1.53098449389228e-11,3.656254421170039e-11,3.9514774888934166e-11,3.7305304155480644e-11,6.252128278740599e-11,1.2684722212601654e-10,3.1888206681501514e-10,,,,,,,,
2017-06-12 18:00:00,1.186139337828723e-11,1.7763893998750137e-11,2.8716573921235483e-11,3.3057227162108816e-11,3.150505889325719e-11,6.618243898666853e-11,1.1921289857213589e-10,2.9762326236068077e-10,5.421924821181248e-10,1.131148136133612e-09,,,,,,
2017-06-12 19:00:00,1.2770209997694026e-11,1.878805924534474e-11,2.6845156744345982e-11,3.060269866485117e-11,2.9717537821299334e-11,7.106512941540525e-11,1.1745113159816344e-10,3.1888206681501514e-10,5.421924821181248e-10,,,,,,,
2017-06-12 20:00:00,1.2972911743689168e-11,1.9757397658609874e-11,2.649561043257064e-11,3.04381680268681e-11,2.919981068155544e-11,6.064447129660207e-11,1.0762794604631703e-10,2.551056534520121e-10,,,2.267409541560176e-09,,,,,
2017-06-12 21:00:00,1.464278803212535e-11,2.283647261839323e-11,3.096980322329497e-11,2.7830512632419432e-11,3.4205492512679234e-11,6.224248108043875e-11,1.2142640066763973e-10,2.551056534520121e-10,5.421924821181248e-10,1.131148136133612e-09,2.267409541560176e-09,,,,,
2017-06-12 22:00:00,1.4362866573370151e-11,2.101183560518828e-11,2.747434010554159e-11,2.6353767101498885e-11,2.9415042701321206e-11,5.3261941614204845e-11,1.1345779312382586e-10,2.551056534520121e-10,5.421924821181248e-10,1.131148136133612e-09,2.267409541560176e-09,4.337539856944999e-09,7.919431480924269e-09,,,
2017-06-12 23:00:00,1.2654380428553943e-11,1.8759549292013413e-11,2.4243110301435324e-11,2.3527881231579122e-11,2.2235241955944954e-11,5.1665939182559694e-11,1.0962105615828588e-10,2.9762326236068077e-10,5.421924821181248e-10,1.131148136133612e-09,2.267409541560176e-09,,,,,
2017-06-13 00:00:00,1.0581718265509173e-11,1.6961006134399845e-11,1.952638017503614e-11,2.0655748572874652e-11,2.3041783449368276e-11,4.355949950612942e-11,1.381225307594402e-10,2.551056534520121e-10,5.421924821181248e-10,1.131148136133612e-09,2.267409541560176e-09,4.337539856944999e-09,,,,
2017-06-13 01:00:00,1.1109986173352853e-11,1.7105971998796424e-11,2.020377682061455e-11,1.9695285193855828e-11,2.6075209727942028e-11,5.860256990614409e-11,1.1423667957547687e-10,2.551056534520121e-10,6.506309785417497e-10,1.131148136133612e-09,2.267409541560176e-09,4.337539856944999e-09,,,,
2017-06-13 02:00:00,9.951690481952032e-12,1.6991932185471117e-11,2.1671871330070974e-11,2.5018335246249293e-11,2.340551784836311e-11,5.381868664849967e-11,1.2868558766407472e-10,2.667013649725581e-10,5.421924821181248e-10,1.3573777633603343e-09,2.267409541560176e-09,4.337539856944999e-09,7.919431480924269e-09,,,
2017-06-13 03:00:00,9.324280315776592e-12,1.7248521765453062e-11,1.9644502721774012e-11,1.9606567692982604e-11,2.6120557918773227e-11,5.546314651831494e-11,1.1921289857213589e-10,2.7472916525601307e-10,5.421924821181248e-10,1.131148136133612e-09,2.267409541560176e-09,4.337539856944999e-09,,,,
2017-06-13 04:00:00,9.845513376906959e-12,1.901613887199536e-11,2.5528934080695398e-11,2.64894327152744e-11,2.91327771400459e-11,5.5567793964575914e-11,1.3154526738994304e-10,2.685322667915917e-10,5.873751889613018e-10,1.25683126237068e-09,2.267409541560176e-09,4.337539856944999e-09,7.919431480924269e-09,,,
2017-06-13 05:00:00,8.906894454564915e-12,1.6221180343686264e-11,2.1479018192539753e-11,2.3363350593596058e-11,2.620117692469537e-11,5.839327501362215e-11,1.2628345669434531e-10,3.3359970066801584e-10,6.099665423828903e-10,1.131148136133612e-09,2.267409541560176e-09,5.421924821181247e-09,,1.3072119431698439e-08,,
2017-06-13 06:00:00,9.817262262482549e-12,1.9150344262067218e-11,2.700884672449443e-11,2.8338237515768382e-11,3.298050242269347e-11,6.78115451771096e-11,1.2522097568850348e-10,4.2517608908668686e-10,6.099665423828903e-10,1.3573777633603343e-09,2.267409541560176e-09,4.337539856944999e-09,7.919431480924269e-09,,,
2017-06-13 07:00:00,,,,,,,,,,,,,,,,
2017-06-13 08:00:00,,,,,,,,,,,,,,,,
2017-06-13 09:00:00,1.3175613489684312e-11,1.702044213880244e-11,2.495760666075915e-11,3.1434011362028795e-11,3.6278552664962824e-11,6.278846775658295e-11,1.5089015965316994e-10,3.4014087126934947e-10,6.777406026476559e-10,,2.267409541560176e-09,4.337539856944999e-09,,,,
2017-06-13 10:00:00,1.1785658660003331e-11,1.465411601230227e-11,2.353216865036684e-11,2.7782585799772926e-11,3.174373358184247e-11,6.799531630225081e-11,1.450866919742019e-10,2.551056534520121e-10,5.421924821181248e-10,1.131148136133612e-09,2.267409541560176e-09,4.337539856944999e-09,,,,
2017-06-13 11:00:00,8.880266967406276e-12,1.4825175732290235e-11,2.6984975269056116e-11,3.183972531339055e-11,2.8720520859762228e-11,6.637638019981627e-11,1.2462183226415656e-10,3.279929830097299e-10,5.421924821181248e-10,1.131148136133612e-09,2.267409541560176e-09,,,,,
2017-06-13 12:00:00,,,,,,,,,,,,,,,,
2017-06-13 13:00:00,1.253177359738971e-11,1.787028138597669e-11,2.50780885809881e-11,2.8918048002024508e-11,3.023212722080235e-11,6.761834989170472e-11,1.4616140821104782e-10,2.551056534520121e-10,5.421924821181248e-10,1.131148136133612e-09,,,,,,
2017-06-13 14:00:00,1.1418865024393068e-11,1.6934912278808462e-11,2.35594214136578e-11,2.829926973308818e-11,2.875738930759248e-11,6.045215267726824e-11,1.2730187166768682e-10,2.91549318230871e-10,5.421924821181248e-10,1.131148136133612e-09,2.267409541560176e-09,,,,,
2017-06-13 15:00:00,8.330076513990887e-12,1.970037775194722e-11,2.8383160516157466e-11,2.9141443507171015e-11,3.527081509093608e-11,6.340103817372034e-11,1.1099131936026444e-10,2.551056534520121e-10,5.421924821181248e-10,,2.267409541560176e-09,,7.919431480924269e-09,,,
2017-06-13 16:00:00,7.345525176300192e-12,2.092630574519429e-11,3.013089207503416e-11,3.175152662831191e-11,3.040996326327766e-11,6.45824239781996e-11,1.3948334387037065e-10,2.8699386013351366e-10,5.421924821181248e-10,1.131148136133612e-09,2.267409541560176e-09,4.337539856944999e-09,,1.3072119431698439e-08,,
2017-06-13 17:00:00,8.899571895596289e-12,2.4832169351586148e-11,3.4884721915178753e-11,3.3742724060934854e-11,3.504178382411181e-11,5.650962098092466e-11,1.3022981471604363e-10,2.551056534520121e-10,5.421924821181248e-10,1.131148136133612e-09,2.267409541560176e-09,,,,,
2017-06-13 18:00:00,9.955351761436346e-12,2.7310569087733602e-11,3.4135005343026136e-11,3.3515500329884796e-11,3.4508867169110973e-11,5.5612642870116336e-11,1.1327509136356206e-10,3.117957986635704e-10,5.421924821181248e-10,1.131148136133612e-09,2.267409541560176e-09,,,,,
2017-06-13 19:00:00,1.3695143174797916e-11,1.9017815928073672e-11,2.96086287621463e-11,2.7147555267206682e-11,2.3720592127091075e-11,8.072802997274952e-11,1.233236881780716e-10,,5.421924821181248e-10,,,,,,,
2017-06-13 20:00:00,1.505784398821064e-11,2.5145778838230745e-11,2.964152723854868e-11,2.6824370085454223e-11,2.803342705928945e-11,6.171972787987516e-11,1.2439606807527223e-10,3.4014087126934947e-10,5.421924821181248e-10,1.131148136133612e-09,2.267409541560176e-09,,,,,
2017-06-13 21:00:00,1.6067985579548566e-11,2.9279059049102715e-11,3.404418497011899e-11,2.8052473776113573e-11,2.8115878315346182e-11,5.441667205570522e-11,1.2981440860849642e-10,2.551056534520121e-10,1.0843849642362497e-09,1.131148136133612e-09,,,,,,
2017-06-13 22:00:00,,,,,,,,,,,,,,,,
2017-06-13 23:00:00,,,,,,,,,,,,,,,,
2017-06-14 00:00:00,1.77480791424319e-11,2.6155582991708086e-11,2.8685348940530984e-11,2.6501184903701757e-11,3.514484789418273e-11,6.027692904631963e-11,1.381225307594402e-10,2.551056534520121e-10,5.421924821181248e-10,1.131148136133612e-09,,4.337539856944999e-09,,,,
2017-06-14 01:00:00,1.536672283925086e-11,2.674233622478508e-11,3.201844215862099e-11,2.7147555267206682e-11,2.9682452180424126e-11,5.795858562146119e-11,1.5989554053432734e-10,2.8345072605779124e-10,6.099665423828903e-10,1.2927407270098423e-09,2.267409541560176e-09,4.337539856944999e-09,7.919431480924269e-09,1.3072119431698439e-08,,
2017-06-14 02:00:00,1.4488348606605237e-11,2.839591351800207e-11,3.28573533068818e-11,2.6671282367782004e-11,3.174373358184247e-11,6.637638019981627e-11,1.4141116244418877e-10,3.061267841424145e-10,5.421924821181248e-10,1.3196728254892142e-09,2.267409541560176e-09,4.337539856944999e-09,,,,
2017-06-14 03:00:00,1.2741252605409004e-11,2.4176440424965617e-11,3.187862363391085e-11,2.5693221949320614e-11,2.6731565121551548e-11,6.278846775658295e-11,1.1606935357936152e-10,2.551056534520121e-10,6.626797003665969e-10,1.131148136133612e-09,2.267409541560176e-09,4.337539856944999e-09,7.919431480924269e-09,,,
2017-06-14 04:00:00,1.0579100648127478e-11,2.4062400611640307e-11,3.341662740572234e-11,2.937016213118851e-11,2.8371688622599127e-11,6.099451153496629e-11,1.3948334387037065e-10,3.348261701557659e-10,5.421924821181248e-10,1.3573777633603343e-09,2.267409541560176e-09,4.337539856944999e-09,7.919431480924269e-09,,,
2017-06-14 05:00:00,1.1486432273058118e-11,2.323561196503181e-11,3.391191675596672e-11,2.3915703449682078e-11,2.507488198901842e-11,6.009753342415796e-11,1.233236881780716e-10,3.2313382770588204e-10,5.421924821181248e-10,1.131148136133612e-09,2.267409541560176e-09,4.337539856944999e-09,7.919431480924269e-09,,,
2017-06-14 06:00:00,1.2182425736750715e-11,2.4398517956178064e-11,3.186390589446768e-11,2.747661654317282e-11,3.0073010761745493e-11,5.699260919443683e-11,1.397668466018145e-10,3.117957986635704e-10,5.421924821181248e-10,1.508197514844816e-09,3.401114312340264e-09,4.337539856944999e-09,7.919431480924269e-09,,,
2017-06-14 07:00:00,,,,,,,,,,,,,,,,
2017-06-14 08:00:00,,,,,,,,,,,,,,,,
2017-06-14 09:00:00,1.3924192885988564e-11,1.03363745694855e-11,1.4547076294309821e-11,1.7514551785294635e-11,2.5049476840093372e-11,5.381868664849967e-11,1.165969415501768e-10,2.551056534520121e-10,,,,,,,,
2017-06-14 10:00:00,1.537637530334587e-11,1.488219563895289e-11,1.8513901202997227e-11,2.111476520782742e-11,2.4689570563655256e-11,4.7440175638307126e-11,1.1510210896620018e-10,2.551056534520121e-10,,,,4.337539856944999e-09,,,,
2017-06-14 11:00:00,1.4189122219660029e-11,1.7989780552067575e-11,2.83132512538024e-11,2.4289917870658613e-11,2.176713159897769e-11,5.41550534400528e-11,1.1606935357936152e-10,2.551056534520121e-10,5.421924821181248e-10,1.131148136133612e-09,,4.337539856944999e-09,,,,
2017-06-14 12:00:00,1.2162104759708596e-11,1.7790210878748282e-11,2.3978876987788205e-11,2.2803946424453616e-11,2.7208914498722115e-11,5.4561013360892775e-11,1.2948987258697518e-10,3.061267841424145e-10,5.421924821181248e-10,,,,,,,
2017-06-14 13:00:00,8.516880083829548e-12,1.3986647693133548e-11,2.2124225380603765e-11,3.424495533706464e-11,3.411911500633408e-11,6.204977990062315e-11,1.2010654848646974e-10,2.551056534520121e-10,8.132887231771872e-10,,,,7.919431480924269e-09,,,
2017-06-14 14:00:00,8.07911244752071e-12,1.414093685233838e-11,2.0972778706520294e-11,3.5583236282440396e-11,3.354054869024865e-11,5.920055531334963e-11,1.2439606807527223e-10,2.551056534520121e-10,6.506309785417497e-10,1.131148136133612e-09,2.267409541560176e-09,4.337539856944999e-09,,,,
2017-06-14 15:00:00,7.586836778675362e-12,1.2230769979139443e-11,2.019074289034496e-11,3.2764290839732206e-11,3.9827541512622226e-11,5.933510202997089e-11,1.3154526738994304e-10,2.551056534520121e-10,5.421924821181248e-10,1.131148136133612e-09,2.267409541560176e-09,,,,,
2017-06-14 16:00:00,7.803255184173936e-12,1.1193907992194856e-11,2.2223786559189927e-11,3.6831770888841813e-11,3.466617254652003e-11,6.350605024522961e-11,1.479884258136859e-10,2.551056534520121e-10,,1.131148136133612e-09,2.267409541560176e-09,,7.919431480924269e-09,,,
2017-06-14 17:00:00,1.5830041115811186e-11,1.8816569198676068e-11,2.6565519694925706e-11,9.049185089068894e-12,1.8139276332481412e-11,3.767308065394977e-11,9.865895054245729e-11,5.102113069040242e-10,,,,,,,,
2017-06-14 18:00:00,1.2104189975138554e-11,1.46826259656336e-11,2.249149716457866e-11,2.7805677819138967e-11,3.163827267293269e-11,5.5612642870116336e-11,1.2606421458202875e-10,2.551056534520121e-10,5.421924821181248e-10,1.131148136133612e-09,,,,,,
2017-06-14 19:00:00,6.930469220214898e-12,8.324906372747595e-12,1.5356339663079268e-11,2.7793925630711603e-11,3.313906253049488e-11,6.007329077251449e-11,1.2439606807527223e-10,2.551056534520121e-10,,,,,,,,
2017-06-14 20:00:00,4.488395804178173e-12,8.64462513510605e-12,1.2883278348291039e-11,2.5693221949320614e-11,2.883679827214993e-11,4.826863458787315e-11,1.2684722212601654e-10,3.8265848017801816e-10,,,,,,,,
2017-06-14 21:00:00,4.012667216638551e-12,7.63189519946302e-12,1.2415884994260015e-11,1.8885255838056822e-11,2.040668587404159e-11,4.574588365122472e-11,9.865895054245729e-11,2.551056534520121e-10,,,,,,,,
2017-06-14 22:00:00,,,,,,,,,,,,,,,,
2017-06-14 23:00:00,1.2470983610748815e-11,9.850680426893114e-12,1.1571188251873268e-11,1.4478696142510232e-11,2.4185701776641876e-11,6.78115451771096e-11,1.3154526738994304e-10,2.551056534520121e-10,,,,,,,,
2017-06-15 00:00:00,1.0820412250502648e-11,1.5480904658910766e-11,1.6344303405770992e-11,1.6732455447712294e-11,2.245815164973889e-11,4.956984296572338e-11,1.0762794604631703e-10,2.551056534520121e-10,5.421924821181248e-10,1.131148136133612e-09,,,,,,
2017-06-15 01:00:00,1.0212307012517217e-11,1.5823024098886697e-11,1.7346976286071024e-11,1.8701649184075716e-11,2.3177964202615133e-11,4.7091350817437207e-11,9.865895054245729e-11,3.8265848017801816e-10,,1.131148136133612e-09,2.267409541560176e-09,,,,,
2017-06-15 02:00:00,9.401500028536643e-12,1.5452394705579438e-11,1.677822296521624e-11,1.930492819001364e-11,2.3321926713190384e-11,4.9264797778242006e-11,1.0762794604631703e-10,2.551056534520121e-10,5.421924821181248e-10,,,,,,,
2017-06-15 03:00:00,9.015401464736371e-12,1.6621302792163862e-11,2.2110285348229872e-11,2.2811487412027835e-11,2.6331207579408502e-11,4.6714620010897714e-11,1.0570601843834709e-10,2.551056534520121e-10,5.421924821181248e-10,1.131148136133612e-09,2.267409541560176e-09,4.337539856944999e-09,,,,
2017-06-15 04:00:00,6.833944579264831e-12,1.4226466712332361e-11,2.154153202737508e-11,2.2540697403680694e-11,2.2235241955944954e-11,4.9264797778242006e-11,1.0624810058418476e-10,3.061267841424145e-10,5.421924821181248e-10,1.131148136133612e-09,,,,,,
2017-06-15 05:00:00,7.403439960870233e-12,1.3741797505699796e-11,2.125715536694769e-11,2.0830199638988776e-11,2.3218273705576203e-11,5.4052680938275763e-11,9.865895054245729e-11,2.551056534520121e-10,,1.131148136133612e-09,,4.337539856944999e-09,,,,
2017-06-15 06:00:00,6.293406589944449e-12,1.3399678065723867e-11,2.020377682061455e-11,2.406698161986408e-11,1.9482926431183736e-11,4.9445918358309073e-11,1.17157503769168e-10,2.551056534520121e-10,5.421924821181248e-10,,,,7.919431480924269e-09,,,
2017-06-15 07:00:00,4.903451760263466e-12,1.2943518812422627e-11,2.1182506493585496e-11,2.4377396566471307e-11,2.8216652072748858e-11,6.23960398331043e-11,1.0414000335037158e-10,3.117957986635704e-10,,1.131148136133612e-09,,,,,,
2017-06-15 08:00:00,5.386074965013807e-12,1.2373319745796081e-11,2.227453738485604e-11,2.1273522840968982e-11,2.7208914498722115e-11,4.9445918358309073e-11,1.3624331265386959e-10,,5.421924821181248e-10,,,,,,,
2017-06-15 09:00:00,6.052094987569277e-12,1.5594944472236076e-11,3.206346846318865e-11,8.391062537136611e-11,3.6278552664962824e-11,7.229158720082253e-11,1.4350392806175608e-10,2.551056534520121e-10,5.421924821181248e-10,,2.267409541560176e-09,,,,,
2017-06-15 10:00:00,6.534718192319619e-12,1.0520172779259804e-11,2.7015782740602415e-11,7.993446828677523e-11,4.302805083518847e-11,6.483274345098333e-11,1.5442270519688966e-10,2.551056534520121e-10,,1.131148136133612e-09,,,,,,
2017-06-15 11:00:00,5.608081639198963e-12,6.784402453759938e-12,1.8730860982719853e-11,5.092083812831987e-11,3.13314773015588e-11,5.452682726229572e-11,1.3347975661626574e-10,2.551056534520121e-10,5.421924821181248e-10,,,,,,,
2017-06-15 12:00:00,6.853249507454844e-12,1.5594944472236076e-11,2.677524748199091e-11,5.776396481855645e-11,4.064541548574539e-11,6.842661588166388e-11,1.2120956780930467e-10,2.9762326236068077e-10,5.421924821181248e-10,1.131148136133612e-09,,,7.919431480924269e-09,,,
2017-06-15 13:00:00,6.148619628519346e-12,1.2515869512452719e-11,2.579651780901997e-11,6.183609810863744e-11,3.9016556639676985e-11,6.688893912027816e-11,1.2684722212601654e-10,2.551056534520121e-10,5.421924821181248e-10,1.131148136133612e-09,2.267409541560176e-09,,,,,
2017-06-15 14:00:00,5.1351108985436294e-12,1.2572889419115372e-11,2.3816545310794236e-11,4.961969823839443e-11,3.8455265824860587e-11,8.514116227792647e-11,1.326792783157184e-10,2.551056534520121e-10,5.421924821181248e-10,1.131148136133612e-09,,,7.919431480924269e-09,,,
2017-06-15 15:00:00,4.76831726293337e-12,1.225927993247077e-11,2.1601962067715907e-11,5.0524616747301325e-11,3.7325049376452126e-11,7.608484916385933e-11,1.3248487644272833e-10,2.9762326236068077e-10,5.421924821181248e-10,1.131148136133612e-09,2.267409541560176e-09,4.337539856944999e-09,,,,
2017-06-15 16:00:00,5.627386567388977e-12,1.3855837319025105e-11,2.439833256191861e-11,5.5803308049258186e-11,4.419387324640926e-11,6.55790663235422e-11,1.258752127610662e-10,2.551056534520121e-10,5.421924821181248e-10,1.131148136133612e-09,2.267409541560176e-09,4.337539856944999e-09,,,,
2017-06-15 17:00:00,7.384135032680218e-12,1.4625606058970945e-11,2.438529863164902e-11,4.600002420276687e-11,4.534819083120353e-11,8.681188150692773e-11,1.479884258136859e-10,2.551056534520121e-10,5.421924821181248e-10,1.131148136133612e-09,2.267409541560176e-09,4.337539856944999e-09,,1.3072119431698439e-08,,
2017-06-15 18:00:00,8.542430724081037e-12,1.8160840272055537e-11,3.1179531010360175e-11,4.3586908179015165e-11,4.8941821048015875e-11,6.882582042548516e-11,1.527622460012242e-10,2.551056534520121e-10,5.421924821181248e-10,1.131148136133612e-09,,,7.919431480924269e-09,,,
2017-06-15 19:00:00,8.667912757316126e-12,2.5601938091531986e-11,4.411274454604769e-11,3.8537046844827875e-11,3.588422057077844e-11,7.271780684367049e-11,1.4039927577195845e-10,2.8699386013351366e-10,5.421924821181248e-10,2.262296272267224e-09,,,,,,
2017-06-15 20:00:00,8.696870149601148e-12,2.192415411179075e-11,4.01978258541639e-11,4.355878924229773e-11,3.706721685333158e-11,6.492594750999854e-11,1.0762794604631703e-10,2.551056534520121e-10,5.421924821181248e-10,1.131148136133612e-09,,,,,,
2017-06-15 21:00:00,8.91618311287607e-12,2.386879813785548e-11,4.301858330035093e-11,3.830120200489625e-11,3.9406014101597543e-11,7.413090064164309e-11,1.3389429002190632e-10,2.551056534520121e-10,5.421924821181248e-10,,,,,,,
2017-06-15 22:00:00,,,,,,,,,,,,,,,,
2017-06-15 23:00:00,2.3945990518143455e-11,2.244722448005327e-11,2.5766556696582078e-11,2.4562073813186996e-11,3.418555924198419e-11,5.7855088147137145e-11,9.865895054245729e-11,2.551056534520121e-10,,1.131148136133612e-09,2.267409541560176e-09,,,,,
2017-06-16 00:00:00,1.5694906618481094e-11,2.950780169792383e-11,3.747136462231627e-11,2.9409851539473905e-11,3.088579483638726e-11,5.795858562146119e-11,1.2901555070936723e-10,2.551056534520121e-10,5.421924821181248e-10,1.131148136133612e-09,,4.337539856944999e-09,7.919431480924269e-09,,,
2017-06-16 01:00:00,1.1882183300953399e-11,2.283647261839323e-11,3.775100167173653e-11,3.604336433781678e-11,3.2823452411156836e-11,5.2513991214596654e-11,1.1510210896620018e-10,2.8345072605779124e-10,6.325578958044789e-10,1.131148136133612e-09,2.267409541560176e-09,4.337539856944999e-09,,,,
2017-06-16 02:00:00,1.1370602703918035e-11,1.9899947425266506e-11,3.138925879742538e-11,3.3700413435153124e-11,3.1854338925333207e-11,5.983371633274376e-11,1.2684722212601654e-10,2.551056534520121e-10,5.421924821181248e-10,1.131148136133612e-09,2.267409541560176e-09,4.337539856944999e-09,,,,
2017-06-16 03:00:00,9.08296871340142e-12,1.9415278218633944e-11,3.4884721915178753e-11,3.079898082946255e-11,3.462952754382815e-11,5.795858562146119e-11,1.353037036010843e-10,3.1888206681501514e-10,5.421924821181248e-10,1.131148136133612e-09,2.267409541560176e-09,,,,,
2017-06-16 04:00:00,7.982587806570642e-12,1.6364713212181914e-11,2.9082253139708146e-11,3.695083911369798e-11,3.6278552664962824e-11,6.697436560702181e-11,1.3257296479142696e-10,2.551056534520121e-10,6.407729334123293e-10,1.2442629497469734e-09,2.267409541560176e-09,4.337539856944999e-09,,1.3072119431698439e-08,,
2017-06-16 05:00:00,9.372542636251625e-12,2.0156537005248454e-11,3.810054798351188e-11,4.43256693345917e-11,3.2033190119062915e-11,7.855238093802292e-11,1.6844211068224415e-10,3.023474411283106e-10,5.964117303299373e-10,1.2927407270098423e-09,2.267409541560176e-09,4.337539856944999e-09,,,,
2017-06-16 06:00:00,9.150535962066468e-12,1.8474449758700144e-11,4.054737216593924e-11,4.675412296018929e-11,3.864454523006909e-11,7.397623110230137e-11,1.6208256160546552e-10,3.532232124720168e-10,6.099665423828903e-10,1.3196728254892142e-09,2.267409541560176e-09,4.337539856944999e-09,,,2.008120304141203e-08,
2017-06-16 07:00:00,9.50767713358172e-12,2.029908677190509e-11,4.0687190690649377e-11,5.168771822061385e-11,4.1070059620712624e-11,8.860150450095593e-11,1.8635579546908598e-10,3.023474411283106e-10,6.378735083742644e-10,1.2065580118758527e-09,2.267409541560176e-09,,7.919431480924269e-09,,,
2017-06-16 08:00:00,8.918876823786303e-12,2.106885551185093e-11,4.586047610492438e-11,6.636069065317189e-11,5.19760033373025e-11,1.1441454124532894e-10,2.0671399161276766e-10,3.8265848017801816e-10,6.407729334123293e-10,1.413935170167015e-09,2.267409541560176e-09,,7.919431480924269e-09,,,
2017-06-16 09:00:00,9.160188426161473e-12,2.3891340891652345e-11,5.2152309716880476e-11,7.721971276005456e-11,6.057222632453614e-11,1.1962855435727912e-10,1.7216954114271957e-10,3.775563671089779e-10,6.848747142544734e-10,1.508197514844816e-09,2.5913251903544865e-09,4.337539856944999e-09,7.919431480924269e-09,1.3072119431698439e-08,2.008120304141203e-08,
2017-06-16 10:00:00,8.233551873040819e-12,2.403389065830898e-11,5.5787591359343983e-11,7.510823623927182e-11,6.098549801437716e-11,1.2055385809263927e-10,2.675175389708938e-10,4.008803125674476e-10,7.285711478462302e-10,1.602459859522617e-09,2.267409541560176e-09,5.205047828333998e-09,7.919431480924269e-09,,,
2017-06-16 11:00:00,9.218103210731514e-12,1.4083916945675722e-11,3.446526634104835e-11,6.696396965910982e-11,5.870529431239438e-11,1.3218624790859565e-10,2.5897974517395037e-10,3.9766469508696003e-10,7.831669186150692e-10,1.382514388607748e-09,2.5193439350668622e-09,4.957188407937141e-09,,,2.008120304141203e-08,
2017-06-16 12:00:00,1.0249824137112903e-11,1.42011843008876e-11,3.1023883973418706e-11,5.230428981481821e-11,5.403992740718419e-11,1.0179747325641745e-10,1.789627474956202e-10,4.081690455232194e-10,6.278018213999339e-10,1.413935170167015e-09,2.83426192695022e-09,4.337539856944999e-09,7.919431480924269e-09,1.3072119431698439e-08,2.008120304141203e-08,
2017-06-16 13:00:00,5.472947141868868e-12,1.0263583199277856e-11,1.940870707416963e-11,3.891149588299624e-11,5.0039382986155616e-11,9.458347908863984e-11,1.4925328415397384e-10,3.4014087126934947e-10,7.229233094908329e-10,1.131148136133612e-09,2.267409541560176e-09,4.337539856944999e-09,,,,
2017-06-16 14:00:00,,,,,,,,,,,,,,,,
2017-06-16 15:00:00,,,,,,,,,,,,,,,,
2017-06-16 16:00:00,1.138990763210805e-11,1.56234544255674e-11,2.7684067892606787e-11,2.496326921122454e-11,2.6731565121551548e-11,6.099451153496629e-11,1.381225307594402e-10,2.551056534520121e-10,5.421924821181248e-10,,2.267409541560176e-09,,,,,
2017-06-16 17:00:00,7.828148381050534e-12,1.77046810187543e-11,3.055034764916456e-11,3.4480515598003884e-11,3.38050149832608e-11,7.252068025885332e-11,1.2640678038252338e-10,2.551056534520121e-10,6.024360912423609e-10,1.131148136133612e-09,2.267409541560176e-09,,,1.3072119431698439e-08,,
2017-06-16 18:00:00,9.74898873595689e-12,2.6029587391501893e-11,5.278149307807608e-11,7.239348071255115e-11,5.550618557739312e-11,1.1301924196184932e-10,1.9478818440433877e-10,3.146303059241483e-10,6.971046198661604e-10,1.413935170167015e-09,2.267409541560176e-09,4.337539856944999e-09,,,2.008120304141203e-08,
2017-06-16 19:00:00,1.5837466088191963e-11,4.355443639693551e-11,9.131225190684991e-11,1.1241872245266359e-10,7.116177638127322e-11,1.4054957013204335e-10,3.4316156710419923e-10,4.081690455232194e-10,6.777406026476559e-10,1.4704925769736957e-09,2.267409541560176e-09,,1.5838862961848537e-08,1.3072119431698439e-08,2.008120304141203e-08,
2017-06-16 20:00:00,,,,,,,,,,,,,,,,
2017-06-16 21:00:00,,,,,,,,,,,,,,,,
2017-06-16 22:00:00,,,,,,,,,,,,,,,,
2017-06-16 23:00:00,,,,,,,,,,,,,,,,
2017-06-17 00:00:00,,,,,,,,,,,,,,,,
2017-06-17 01:00:00,,,,,,,,,,,,,,,,
2017-06-17 02:00:00,,,,,,,,,,,,,,,,
2017-06-17 03:00:00,,,,,,,,,,,,,,,,
2017-06-17 04:00:00,,,,,,,,,,,,,,,,
2017-06-17 05:00:00,,,,,,,,,,,,,,,,
2017-06-17 06:00:00,,,,,,,,,,,,,,,,
2017-06-17 07:00:00,,,,,,,,,,,,,,,,
2017-06-17 08:00:00,,,,,,,,,,,,,,,,
2017-06-17 09:00:00,,,,,,,,,,,,,,,,
2017-06-17 10:00:00,,,,,,,,,,,,,,,,
2017-06-17 11:00:00,,,,,,,,,,,,,,,,
2017-06-17 12:00:00,,,,,,,,,,,,,,,,
2017-06-17 13:00:00,,,,,,,,,,,,,,,,
2017-06-17 14:00:00,,,,,,,,,,,,,,,,
2017-06-17 15:00:00,,,,,,,,,,,,,,,,
2017-06-17 16:00:00,,,,,,,,,,,,,,,,
2017-06-17 17:00:00,,,,,,,,,,,,,,,,
2017-06-17 18:00:00,,,,,,,,,,,,,,,,
2017-06-17 19:00:00,,,,,,,,,,,,,,,,
2017-06-17 20:00:00,,,,,,,,,,,,,,,,
2017-06-17 21:00:00,,,,,,,,,,,,,,,,
2017-06-17 22:00:00,1.9691026753813918e-11,4.447552719687071e-11,8.808567056738526e-11,1.2668859124696452e-10,9.069638166240705e-11,6.027692904631963e-10,4.932947527122864e-10,2.551056534520121e-10,,,,,,,,
2017-06-17 23:00:00,3.094579988859187e-11,5.6364177736034234e-11,1.1353264206462986e-10,1.643935291180849e-10,1.7957883569156595e-10,5.519106315803642e-10,7.547409716497983e-10,6.430788347436139e-10,7.495013723397605e-10,1.542474731091289e-09,2.267409541560176e-09,4.337539856944999e-09,,,,
2017-06-18 00:00:00,2.6621495974028815e-11,6.788219888189047e-11,1.268853111744478e-10,1.8339681780512958e-10,2.0134596729054366e-10,5.751423646502998e-10,7.87627288497284e-10,6.661092062358093e-10,7.537797922130026e-10,1.3573777633603343e-09,2.267409541560176e-09,4.337539856944999e-09,7.919431480924269e-09,,,
2017-06-18 01:00:00,2.5019186934257685e-11,6.776815906856517e-11,1.2695522043680286e-10,1.7389517346160722e-10,1.813927633248141e-10,5.148654356039802e-10,6.347059151564751e-10,5.867430029396277e-10,8.045436831430239e-10,1.25683126237068e-09,2.267409541560176e-09,4.337539856944999e-09,,,,
2017-06-18 02:00:00,2.2625375838695994e-11,6.745454958192057e-11,1.2653576486267245e-10,1.7615746973387445e-10,2.0134596729054366e-10,5.393529380290475e-10,8.139363419752727e-10,7.243178374798202e-10,9.940195505498953e-10,1.4356880189388153e-09,2.267409541560176e-09,4.337539856944999e-09,7.919431480924269e-09,1.3072119431698439e-08,,
2017-06-18 03:00:00,1.7413045227392307e-11,5.143195580971459e-11,9.955078959361634e-11,1.316656430459524e-10,1.248586854219137e-10,3.880327307356827e-10,5.642599627515978e-10,5.583444490647812e-10,6.471329625280845e-10,1.131148136133612e-09,2.267409541560176e-09,,,,,
2017-06-18 04:00:00,1.0347441509847314e-11,2.711296561809233e-11,4.8097572500286545e-11,5.866888332746333e-11,5.3802938274309273e-11,1.526079029880338e-10,2.31935076713847e-10,4.055525772826858e-10,5.74086157536838e-10,1.131148136133612e-09,2.267409541560176e-09,4.337539856944999e-09,7.919431480924269e-09,1.3072119431698439e-08,,
2017-06-18 05:00:00,9.469067277201694e-12,2.6314686924815165e-11,4.3203924135431813e-11,4.509510569386e-11,4.517035478872821e-11,1.0137483521426484e-10,1.9457737468095745e-10,3.4014087126934947e-10,5.421924821181248e-10,1.131148136133612e-09,2.267409541560176e-09,,,,,
2017-06-18 06:00:00,8.976791608356345e-12,2.4176440424965617e-11,3.8939459131772684e-11,4.6603303208704816e-11,4.0269193458108734e-11,8.650855557573652e-11,1.6114295255268023e-10,2.9762326236068077e-10,5.421924821181248e-10,1.131148136133612e-09,,,,,,
2017-06-18 07:00:00,9.584896846341775e-12,2.326412191836314e-11,3.858991281999734e-11,3.6196740356275576e-11,4.0269193458108734e-11,1.0411469562546119e-10,1.8635579546908598e-10,3.2653523641857547e-10,6.626797003665969e-10,2.262296272267224e-09,2.267409541560176e-09,4.337539856944999e-09,,,,
2017-06-18 08:00:00,9.70834678187265e-12,2.6784350892852298e-11,5.2211180674653157e-11,6.310615917376992e-11,6.587421404953776e-11,1.5173879707840882e-10,1.9413535429322243e-10,3.9247023608001866e-10,5.914827077652269e-10,1.508197514844816e-09,,4.337539856944999e-09,7.919431480924269e-09,,,
2017-06-18 09:00:00,,,,,,,,,,,,,,,,
2017-06-18 10:00:00,,,,,,,,,,,,,,,,
2017-06-18 11:00:00,,,,,,,,,,,,,,,,
2017-06-18 12:00:00,,,,,,,,,,,,,,,,
2017-06-18 13:00:00,1.4806879921740465e-11,1.7220011812121734e-11,2.677524748199091e-11,2.61779997219493e-11,3.325533994288258e-11,7.073313102374243e-11,1.5151195976163084e-10,2.551056534520121e-10,5.421924821181248e-10,1.131148136133612e-09,2.267409541560176e-09,,,,,
2017-06-18 14:00:00,1.6747025204836837e-11,1.8331899992043503e-11,3.341662740572234e-11,3.43869033384618e-11,3.665645425522285e-11,8.397957562442969e-11,1.4250737300577164e-10,3.4014087126934947e-10,5.421924821181248e-10,1.131148136133612e-09,,,,,,
2017-06-18 15:00:00,1.9999905604854137e-11,2.238031336509199e-11,3.5653723801084503e-11,3.6352760788845734e-11,4.220870069673559e-11,8.186650219031391e-11,1.3859233528583285e-10,2.733274858414415e-10,5.421924821181248e-10,1.131148136133612e-09,,,,,,
2017-06-18 16:00:00,2.1080981583494898e-11,2.4461539958278886e-11,3.684218126112066e-11,4.072133290081002e-11,4.483481508594462e-11,9.307466985093473e-11,1.4094135791779614e-10,2.8911974057894703e-10,5.421924821181248e-10,1.131148136133612e-09,,,,,,
2017-06-18 17:00:00,2.175665407014538e-11,2.232329345842934e-11,3.201844215862099e-11,3.3497860592869063e-11,3.4011143123402644e-11,8.323122470058671e-11,1.519881129978396e-10,2.7636445790634645e-10,5.421924821181248e-10,1.131148136133612e-09,2.267409541560176e-09,,,,2.008120304141203e-08,
2017-06-18 18:00:00,2.1100286511684912e-11,2.4404520051616238e-11,3.236798847039632e-11,3.0423984351179906e-11,3.545404010439548e-11,7.288922126525064e-11,1.3608131109304453e-10,2.551056534520121e-10,5.421924821181248e-10,1.131148136133612e-09,,4.337539856944999e-09,,,,
2017-06-18 19:00:00,2.0192954886754273e-11,2.5601938091531986e-11,2.691506600670105e-11,2.5008656973426764e-11,2.6511250024395904e-11,6.310241009536586e-11,1.1839074065094873e-10,2.9435267706001395e-10,,,,,,,,
2017-06-18 20:00:00,2.7455534312271947e-11,1.81497262224518e-11,2.2110285348229872e-11,2.0186643660230608e-11,2.4541373861592497e-11,6.094174811668345e-11,1.2684722212601654e-10,2.551056534520121e-10,5.421924821181248e-10,1.131148136133612e-09,,4.337539856944999e-09,,,,
2017-06-18 21:00:00,2.8272067334274982e-11,1.6535772932169876e-11,2.040402538566551e-11,2.111476520782742e-11,2.664206211333207e-11,5.704780784740965e-11,1.1152750930886475e-10,2.551056534520121e-10,5.421924821181248e-10,1.131148136133612e-09,,,,,,
2017-06-18 22:00:00,,,,,,,,,,,,,,,,
2017-06-18 23:00:00,,,,,,,,,,,,,,,,
2017-06-19 00:00:00,2.1428470290915143e-11,2.565895799819464e-11,2.0972778706520294e-11,1.8098370178137788e-11,,,9.865895054245729e-11,,,,,,,,,
2017-06-19 01:00:00,2.7412998029819377e-11,1.7590641205428992e-11,1.6218948866375697e-11,1.6514762787550728e-11,2.4185701776641876e-11,4.9264797778242006e-11,1.1510210896620018e-10,2.551056534520121e-10,5.421924821181248e-10,,,,,,,
2017-06-19 02:00:00,2.3030779330686276e-11,1.5851534052218024e-11,1.5042544727435247e-11,1.514754895344141e-11,2.308635169588543e-11,4.9728466463213704e-11,1.0414000335037158e-10,2.551056534520121e-10,5.421924821181248e-10,1.131148136133612e-09,,,,,,
2017-06-19 03:00:00,2.487439997283258e-11,1.9187198591983323e-11,1.845604526173786e-11,1.7909845488782188e-11,2.365992565106271e-11,4.822154323705571e-11,1.1510210896620018e-10,2.551056534520121e-10,5.421924821181248e-10,1.131148136133612e-09,2.267409541560176e-09,,7.919431480924269e-09,,,
2017-06-19 04:00:00,2.6901417432784017e-11,2.098332565185695e-11,2.1671871330070974e-11,1.963502424986647e-11,2.803342705928945e-11,5.058956544958969e-11,1.1099131936026444e-10,2.7472916525601307e-10,5.421924821181248e-10,,2.267409541560176e-09,,,,,
2017-06-19 05:00:00,2.5501810139008022e-11,2.3321141825025794e-11,2.104268796887536e-11,2.2426241307692478e-11,2.3321926713190384e-11,4.861042665025777e-11,1.2214917686208996e-10,2.551056534520121e-10,5.421924821181248e-10,1.131148136133612e-09,2.267409541560176e-09,4.337539856944999e-09,7.919431480924269e-09,,,
2017-06-19 06:00:00,1.816593742680284e-11,1.6820872465483155e-11,2.020377682061455e-11,2.0793872119562566e-11,2.3513876727290714e-11,4.2696158074476406e-11,1.17157503769168e-10,2.551056534520121e-10,5.421924821181248e-10,1.131148136133612e-09,,4.337539856944999e-09,,,,
2017-06-19 07:00:00,1.3609974373959621e-11,1.3998387085681742e-11,1.898588388169206e-11,1.8885255838056822e-11,2.6896168355058644e-11,4.7587049247094446e-11,1.0570601843834709e-10,,,,2.267409541560176e-09,,,,,
2017-06-19 08:00:00,5.212330611303683e-12,1.1974180399157498e-11,1.2583667223912177e-11,9.049185089068894e-12,1.8139276332481412e-11,,9.865895054245729e-11,,,,,,,,,
2017-06-19 09:00:00,,,,,,,,,,,,,,,,
2017-06-19 10:00:00,,,,,,,,,,,,,,,,
2017-06-19 11:00:00,,,,,,,,,,,,,,,,
2017-06-19 12:00:00,,,,,,,,,,,,,,,,
2017-06-19 13:00:00,,,,,,,,,,,,,,,,
2017-06-19 14:00:00,,,,,,,,,,,,,,,,
2017-06-19 15:00:00,,,,,,,,,,,,,,,,
2017-06-19 16:00:00,,,,,,,,,,,,,,,,
2017-06-19 17:00:00,,,,,,,,,,,,,,,,
2017-06-19 18:00:00,,,,,,,,,,,,,,,,
2017-06-19 19:00:00,,,,,,,,,,,,,,,,
2017-06-19 20:00:00,,,,,,,,,,,,,,,,
2017-06-19 21:00:00,,,,,,,,,,,,,,,,
2017-06-19 22:00:00,,,,,,,,,,,,,,,,
2017-06-19 23:00:00,,,,,,,,,,,,,,,,
2017-06-20 00:00:00,,,,,,,,,,,,,,,,
2017-06-20 01:00:00,,,,,,,,,,,,,,,,
2017-06-20 02:00:00,,,,,,,,,,,,,,,,
2017-06-20 03:00:00,,,,,,,,,,,,,,,,
2017-06-20 04:00:00,,,,,,,,,,,,,,,,
2017-06-20 05:00:00,,,,,,,,,,,,,,,,
2017-06-20 06:00:00,,,,,,,,,,,,,,,,
2017-06-20 07:00:00,,,,,,,,,,,,,,,,
2017-06-20 08:00:00,,,,,,,,,,,,,,,,
2017-06-20 09:00:00,,,,,,,,,,,,,,,,
2017-06-20 10:00:00,,,,,,,,,,,,,,,,
2017-06-20 11:00:00,,,,,,,,,,,,,,,,
2017-06-20 12:00:00,,,,,,,,,,,,,,,,
2017-06-20 13:00:00,,,,,,,,,,,,,,,,
2017-06-20 14:00:00,,,,,,,,,,,,,,,,
2017-06-20 15:00:00,,,,,,,,,,,,,,,,
2017-06-20 16:00:00,,,,,,,,,,,,,,,,
2017-06-20 17:00:00,,,,,,,,,,,,,,,,
2017-06-20 18:00:00,,,,,,,,,,,,,,,,
2017-06-20 19:00:00,,,,,,,,,,,,,,,,
2017-06-20 20:00:00,,,,,,,,,,,,,,,,
2017-06-20 21:00:00,,,,,,,,,,,,,,,,
2017-06-20 22:00:00,,,,,,,,,,,,,,,,
2017-06-20 23:00:00,,,,,,,,,,,,,,,,
2017-06-21 00:00:00,,,,,,,,,,,,,,,,
2017-06-21 01:00:00,,,,,,,,,,,,,,,,
2017-06-21 02:00:00,,,,,,,,,,,,,,,,
2017-06-21 03:00:00,,,,,,,,,,,,,,,,
2017-06-21 04:00:00,,,,,,,,,,,,,,,,
2017-06-21 05:00:00,,,,,,,,,,,,,,,,
2017-06-21 06:00:00,,,,,,,,,,,,,,,,
2017-06-21 07:00:00,,,,,,,,,,,,,,,,
2017-06-21 08:00:00,,,,,,,,,,,,,,,,
2017-06-21 09:00:00,,,,,,,,,,,,,,,,
2017-06-21 10:00:00,,,,,,,,,,,,,,,,
2017-06-21 11:00:00,,,,,,,,,,,,,,,,
2017-06-21 12:00:00,,,,,,,,,,,,,,,,
2017-06-21 13:00:00,,,,,,,,,,,,,,,,
2017-06-21 14:00:00,,,,,,,,,,,,,,,,
2017-06-21 15:00:00,,,,,,,,,,,,,,,,
2017-06-21 16:00:00,,,,,,,,,,,,,,,,
2017-06-21 17:00:00,,,,,,,,,,,,,,,,
2017-06-21 18:00:00,,,,,,,,,,,,,,,,
2017-06-21 19:00:00,,,,,,,,,,,,,,,,
2017-06-21 20:00:00,,,,,,,,,,,,,,,,
2017-06-21 21:00:00,,,,,,,,,,,,,,,,
2017-06-21 22:00:00,,,,,,,,,,,,,,,,
2017-06-21 23:00:00,,,,,,,,,,,,,,,,
2017-06-22 00:00:00,,,,,,,,,,,,,,,,
2017-06-22 01:00:00,,,,,,,,,,,,,,,,
2017-06-22 02:00:00,,,,,,,,,,,,,,,,
2017-06-22 03:00:00,,,,,,,,,,,,,,,,
2017-06-22 04:00:00,,,,,,,,,,,,,,,,
2017-06-22 05:00:00,,,,,,,,,,,,,,,,
2017-06-22 06:00:00,,,,,,,,,,,,,,,,
2017-06-22 07:00:00,,,,,,,,,,,,,,,,
2017-06-22 08:00:00,,,,,,,,,,,,,,,,
2017-06-22 09:00:00,,,,,,,,,,,,,,,,
2017-06-22 10:00:00,,,,,,,,,,,,,,,,
2017-06-22 11:00:00,8.15887228241103e-12,6.935694101330187e-12,9.115092283987666e-12,1.6226124987295948e-11,2.2674095415601764e-11,4.913880085297796e-11,1.0688052975432871e-10,2.551056534520121e-10,5.421924821181248e-10,1.131148136133612e-09,2.267409541560176e-09,4.337539856944999e-09,,,,
2017-06-22 12:00:00,6.6312428332696864e-12,6.3999929719634904e-12,9.02225197186156e-12,1.3097504734178663e-11,2.6075209727942028e-11,4.97822851498622e-11,9.865895054245729e-11,2.551056534520121e-10,5.421924821181248e-10,1.131148136133612e-09,2.267409541560176e-09,,,,,
2017-06-22 13:00:00,7.007688932974952e-12,7.098978379500518e-12,9.398911938847985e-12,1.5408071908414605e-11,2.342989859612182e-11,4.7947557195936067e-11,1.1423667957547687e-10,2.551056534520121e-10,5.421924821181248e-10,1.131148136133612e-09,2.267409541560176e-09,,,1.3072119431698439e-08,,
2017-06-22 14:00:00,7.1814332866850755e-12,7.640667492795736e-12,1.078600047763901e-11,1.714582437928843e-11,2.47353768170201e-11,5.920055531334963e-11,1.3297510725287722e-10,2.8699386013351366e-10,5.421924821181248e-10,1.131148136133612e-09,2.267409541560176e-09,4.337539856944999e-09,,1.3072119431698439e-08,,
2017-06-22 15:00:00,6.177577020804366e-12,7.098978379500518e-12,1.3182889472669898e-11,1.741541281292504e-11,2.4488023048849904e-11,4.89750048501347e-11,1.1839074065094873e-10,2.551056534520121e-10,5.421924821181248e-10,1.131148136133612e-09,2.267409541560176e-09,4.337539856944999e-09,,1.3072119431698439e-08,2.008120304141203e-08,
2017-06-22 16:00:00,6.930469220214898e-12,9.538753877294957e-12,1.5000868837545024e-11,2.1952652716074538e-11,2.9682452180424126e-11,6.906731453224125e-11,1.292772455383923e-10,2.551056534520121e-10,6.099665423828903e-10,1.131148136133612e-09,2.267409541560176e-09,4.337539856944999e-09,,,,
2017-06-22 17:00:00,7.422744889060246e-12,1.1626262324605707e-11,2.3349693626592596e-11,2.948786175575898e-11,3.048942192055386e-11,6.722059489234175e-11,1.5785432086793168e-10,3.348261701557659e-10,5.421924821181248e-10,1.25683126237068e-09,2.267409541560176e-09,4.337539856944999e-09,,,,
2017-06-22 18:00:00,6.978731540689932e-12,1.3656267645705812e-11,2.803361420438213e-11,3.5895100853306617e-11,3.591576713831319e-11,8.240986393051511e-11,1.5503549370957574e-10,3.061267841424145e-10,5.914827077652269e-10,1.131148136133612e-09,2.267409541560176e-09,4.337539856944999e-09,7.919431480924269e-09,,,
2017-06-22 19:00:00,7.9246730220006e-12,1.425497666566369e-11,3.236798847039632e-11,4.132461190674795e-11,4.1091013732764014e-11,1.0235704932393899e-10,1.5538784710437023e-10,3.061267841424145e-10,5.421924821181248e-10,1.2725416531503134e-09,2.267409541560176e-09,4.337539856944999e-09,,,,
2017-06-22 20:00:00,7.857105773335554e-12,1.314308848574192e-11,2.4740769457183265e-11,2.6983024629223614e-11,3.4389044713662676e-11,7.688383806928525e-11,1.3928322429523382e-10,2.7940142997125144e-10,5.964117303299373e-10,1.5836073905870567e-09,2.267409541560176e-09,,,,,
2017-06-22 21:00:00,8.976791608356345e-12,1.2629909325778027e-11,2.2021417641846314e-11,2.5666779525359046e-11,3.073599600781572e-11,7.046261381572086e-11,1.4094135791779614e-10,2.91549318230871e-10,5.421924821181248e-10,1.131148136133612e-09,2.267409541560176e-09,,,,,
2017-06-22 22:00:00,1.0926589355547723e-11,9.567747050174272e-12,1.544994698046995e-11,2.1785075214425116e-11,3.0084653429481356e-11,6.45824239781996e-11,1.4639715241783983e-10,3.151305130877797e-10,5.421924821181248e-10,1.3573777633603343e-09,2.267409541560176e-09,,,,,
2017-06-22 23:00:00,1.5743168938956128e-11,9.721894085982636e-12,1.5765743993177327e-11,1.9941722696281455e-11,2.620117692469537e-11,6.245800213681147e-11,1.2423719697939067e-10,3.0148849953419614e-10,5.421924821181248e-10,1.131148136133612e-09,2.267409541560176e-09,,7.919431480924269e-09,,,
2017-06-23 00:00:00,1.9806856322954002e-11,1.0959419348381436e-11,1.4218833021369691e-11,1.5745582054979874e-11,2.500278629612302e-11,5.989053847550989e-11,1.366047007510947e-10,3.0977115062030043e-10,5.421924821181248e-10,1.131148136133612e-09,2.267409541560176e-09,,,,,
2017-06-23 01:00:00,1.7519222332437382e-11,1.1033351939223695e-11,1.677822296521624e-11,1.8583147950766478e-11,3.023212722080235e-11,6.388044110887135e-11,1.1510210896620018e-10,2.782970764931041e-10,6.971046198661604e-10,1.131148136133612e-09,2.267409541560176e-09,4.337539856944999e-09,,,,
2017-06-23 02:00:00,1.470070281669539e-11,1.0263583199277856e-11,1.41566256269012e-11,2.0813125704858454e-11,2.6075209727942028e-11,5.605019316807161e-11,1.366047007510947e-10,3.1888206681501514e-10,6.506309785417497e-10,1.131148136133612e-09,,4.337539856944999e-09,,,,
2017-06-23 03:00:00,1.342657755615449e-11,8.23937651275361e-12,1.4174705608544752e-11,1.9332349963010818e-11,2.5697308137682e-11,5.1486543560398027e-11,1.381225307594402e-10,2.551056534520121e-10,5.421924821181248e-10,1.131148136133612e-09,,,,,,
2017-06-23 04:00:00,1.2152452295613589e-11,8.182356606090957e-12,1.1921368948969433e-11,1.7877658346697082e-11,2.3910864256452763e-11,5.975730034764447e-11,1.1099131936026444e-10,2.551056534520121e-10,5.421924821181248e-10,1.131148136133612e-09,2.267409541560176e-09,,,,,
2017-06-23 05:00:00,1.3137003633304283e-11,9.408284599338034e-12,1.7844635441818966e-11,1.8098370178137788e-11,2.198700161512898e-11,5.650962098092466e-11,1.1581702889766725e-10,2.551056534520121e-10,5.421924821181248e-10,1.131148136133612e-09,,,,,,
2017-06-23 06:00:00,1.2094537511043547e-11,8.267886466084938e-12,1.4644150745956277e-11,1.7275716988222435e-11,2.282037990215403e-11,5.1800485899180934e-11,1.2108143930210667e-10,2.551056534520121e-10,5.421924821181248e-10,1.131148136133612e-09,,,,,,
2017-06-23 07:00:00,1.2538550859413861e-11,1.0235073245946528e-11,1.3668466122525297e-11,1.88524689355602e-11,2.380780018638185e-11,5.650962098092466e-11,1.1423667957547687e-10,2.551056534520121e-10,5.421924821181248e-10,1.131148136133612e-09,,,,,,
2017-06-23 08:00:00,1.3899548296809822e-11,1.0321569545036488e-11,1.6564940469895693e-11,2.0050155197348728e-11,3.0073010761745493e-11,7.127339583179685e-11,1.1226708165176176e-10,3.5714791483281694e-10,5.421924821181248e-10,1.131148136133612e-09,2.267409541560176e-09,,,,,
2017-06-23 09:00:00,1.5260545734205785e-11,1.0605702639253785e-11,1.6850542891790448e-11,2.01298198920104e-11,2.5999629409890023e-11,6.047520841818254e-11,1.1211244379824692e-10,3.1888206681501514e-10,5.421924821181248e-10,1.131148136133612e-09,,,,,,
2017-06-23 10:00:00,1.5270198198300794e-11,1.3770307459031123e-11,1.90153193605784e-11,2.3841122253893047e-11,3.348789476765799e-11,6.103039065939863e-11,1.1407441156471624e-10,3.259683349664599e-10,5.421924821181248e-10,1.131148136133612e-09,,,,,,
2017-06-23 11:00:00,1.3532754661199565e-11,1.2061159917795446e-11,2.0617307880986057e-11,2.190855337353522e-11,3.174373358184247e-11,6.142350106622244e-11,1.479884258136859e-10,3.0977115062030043e-10,5.421924821181248e-10,1.131148136133612e-09,,4.337539856944999e-09,,,,
2017-06-23 12:00:00,1.2162104759708596e-11,9.664874179319982e-12,1.6263102084705212e-11,2.271168022354546e-11,2.911831200740437e-11,5.56534146024258e-11,1.5456568918318308e-10,2.692781897549017e-10,5.421924821181248e-10,1.413935170167015e-09,2.267409541560176e-09,4.337539856944999e-09,,,,
2017-06-23 13:00:00,1.0974851676022756e-11,7.8117272127837e-12,1.3740786049099505e-11,1.930492819001364e-11,2.888847712210002e-11,6.375444418360731e-11,1.300504348059664e-10,2.551056534520121e-10,5.421924821181248e-10,1.131148136133612e-09,2.267409541560176e-09,,,1.3072119431698439e-08,,
2017-06-23 14:00:00,1.0308831653467286e-11,6.323100363840822e-12,1.0486389353260147e-11,1.398510422856102e-11,2.365992565106271e-11,5.023077420526636e-11,1.0762794604631703e-10,2.551056534520121e-10,5.421924821181248e-10,1.131148136133612e-09,,4.337539856944999e-09,,,,
2017-06-23 15:00:00,5.042580380667357e-12,4.996744452280009e-12,8.38911148260812e-12,1.7092905168241243e-11,1.8139276332481412e-11,4.4522731681940646e-11,1.2684722212601654e-10,2.551056534520121e-10,5.421924821181248e-10,,,,,,,
2017-06-23 16:00:00,4.5832562271808256e-12,6.294997695557085e-12,1.642123949787121e-11,2.1188335818307655e-11,2.664206211333207e-11,6.189148964577462e-11,1.2214917686208996e-10,3.061267841424145e-10,5.421924821181248e-10,1.131148136133612e-09,,,,,,
2017-06-23 17:00:00,1.281847231816906e-11,1.858848957202545e-11,4.0267735116518966e-11,5.037379699581685e-11,4.76156003727637e-11,1.2387419740451282e-10,1.910205212630556e-10,2.9029264013504826e-10,5.421924821181248e-10,1.131148136133612e-09,2.267409541560176e-09,8.675079713889998e-09,,,,
2017-06-23 18:00:00,1.3745108871289716e-11,2.2693922851736594e-11,4.977539479680817e-11,5.565248829777371e-11,5.830481678297596e-11,1.4540487269945525e-10,2.162907761892333e-10,3.2653523641857547e-10,6.673138241453843e-10,1.413935170167015e-09,2.267409541560176e-09,4.337539856944999e-09,,,,
2017-06-23 19:00:00,1.3630177205786377e-11,2.09249797008533e-11,4.282348768447633e-11,5.071752573175822e-11,4.9766732501936175e-11,1.3231521010167725e-10,1.999843592076837e-10,3.279929830097299e-10,5.964117303299373e-10,,2.267409541560176e-09,,,,,
2017-06-23 20:00:00,,,,,,,,,,,,,,,,
2017-06-23 21:00:00,,,,,,,,,,,,,,,,
2017-06-23 22:00:00,,,,,,,,,,,,,,,,
2017-06-23 23:00:00,,,,,,,,,,,,,,,,
2017-06-24 00:00:00,2.3436182822676567e-11,2.4404520051616238e-11,4.418265380840276e-11,5.248527351659959e-11,4.664385342638077e-11,2.084577129518554e-10,1.8834890558105481e-10,4.2517608908668686e-10,5.421924821181248e-10,1.131148136133612e-09,,,,,,
2017-06-24 01:00:00,2.4121507773422045e-11,2.6343196878146496e-11,5.0334668895648706e-11,5.7914784570040927e-11,6.48709712907386e-11,1.8585386455948554e-10,2.4181115329033647e-10,3.0977115062030043e-10,6.438535725152731e-10,1.131148136133612e-09,,,,1.3072119431698439e-08,,
2017-06-24 02:00:00,2.5221888680252823e-11,2.976439127790578e-11,5.396995053811223e-11,6.168527835715296e-11,5.973451343972327e-11,1.4870952889717013e-10,1.9162603855361897e-10,3.2313382770588204e-10,5.760795122505075e-10,1.508197514844816e-09,2.267409541560176e-09,4.337539856944999e-09,,,,
2017-06-24 03:00:00,2.0579053450554543e-11,2.6143627204827203e-11,4.795775397557641e-11,5.082625625027028e-11,5.441782899744423e-11,1.244557128746555e-10,1.6107583762033843e-10,3.0012429817883777e-10,5.421924821181248e-10,1.131148136133612e-09,2.267409541560176e-09,4.337539856944999e-09,,,,
2017-06-24 04:00:00,1.7335825514632252e-11,2.1268425185170225e-11,3.970846101767843e-11,4.102297240377898e-11,4.38080635954268e-11,8.983580771326484e-11,1.6991263704534312e-10,3.151305130877797e-10,5.421924821181248e-10,1.131148136133612e-09,2.267409541560176e-09,4.337539856944999e-09,,,,
2017-06-24 05:00:00,1.5511509800675964e-11,1.5395374798916783e-11,3.0200801337389226e-11,2.9780045474935817e-11,3.2121635172102495e-11,7.459269969482055e-11,1.1763182564677598e-10,3.0148849953419614e-10,5.421924821181248e-10,,3.401114312340264e-09,,,,,
2017-06-24 06:00:00,1.3291443058824395e-11,1.0491662825928475e-11,1.4645398012010784e-11,1.618411948621937e-11,2.162759870411245e-11,5.954777264656576e-11,1.127530863342369e-10,2.91549318230871e-10,,1.131148136133612e-09,2.267409541560176e-09,,,,,
2017-06-24 07:00:00,1.1978707941903465e-11,8.43701330788095e-12,1.2202343974702718e-11,1.6204354694379185e-11,2.202626411801314e-11,5.0776760881410556e-11,1.0852484559670302e-10,3.061267841424145e-10,,1.131148136133612e-09,,,,,,
2017-06-24 08:00:00,1.2625423036268923e-11,7.241528146157153e-12,1.2508764442817461e-11,1.4617914374649753e-11,1.9716604709218924e-11,5.162607348874599e-11,1.165969415501768e-10,2.551056534520121e-10,5.421924821181248e-10,1.131148136133612e-09,,4.337539856944999e-09,,,,
2017-06-24 09:00:00,1.2451678682558801e-11,7.8117272127837e-12,1.1263158934983122e-11,1.4076510138551613e-11,2.0048673841163666e-11,4.7587049247094446e-11,1.3154526738994304e-10,2.551056534520121e-10,5.421924821181248e-10,,,,,,,
2017-06-24 10:00:00,1.2142799831518583e-11,8.321040616363686e-12,1.4680945094564206e-11,1.4617914374649753e-11,2.394384475887546e-11,4.7587049247094446e-11,1.0688052975432871e-10,2.551056534520121e-10,,,,,,,,
2017-06-24 11:00:00,1.4469043678415228e-11,1.043464291926582e-11,1.4414018820117587e-11,1.3940636488565593e-11,2.4185701776641876e-11,4.913880085297796e-11,1.118134772814516e-10,2.551056534520121e-10,5.421924821181248e-10,,,,,,,
2017-06-24 12:00:00,1.3232055864477149e-11,8.726945036674107e-12,1.2029669295815414e-11,1.4125557212205101e-11,2.6873001974046528e-11,4.4736783276565346e-11,1.479884258136859e-10,2.551056534520121e-10,5.421924821181248e-10,1.131148136133612e-09,,,,,,
2017-06-24 13:00:00,1.6901464630356947e-11,1.1888650539163517e-11,2.1479018192539753e-11,2.02768776995803e-11,2.8163613253063243e-11,6.805459731036088e-11,1.0523621391195445e-10,2.8345072605779124e-10,5.421924821181248e-10,1.131148136133612e-09,2.267409541560176e-09,,,,,
2017-06-24 14:00:00,2.0395656632749417e-11,1.6450243072175896e-11,3.2787444044526733e-11,3.524419455742622e-11,3.837154608794145e-11,9.945693292642741e-11,1.5785432086793168e-10,2.8911974057894703e-10,5.421924821181248e-10,1.131148136133612e-09,2.267409541560176e-09,,,,,
2017-06-24 15:00:00,2.0299131991799344e-11,1.841742985203749e-11,3.397590150456288e-11,3.84590366285428e-11,4.099476451140799e-11,9.687363596729942e-11,2.107713943407042e-10,3.2378794476601534e-10,5.74086157536838e-10,1.131148136133612e-09,2.267409541560176e-09,,,,,
2017-06-24 16:00:00,2.2963212082021226e-11,2.092630574519429e-11,4.383310749662742e-11,4.373772793049965e-11,4.353426319795538e-11,1.2962093852121702e-10,1.9337154306321626e-10,3.1888206681501514e-10,5.421924821181248e-10,1.131148136133612e-09,2.267409541560176e-09,4.337539856944999e-09,,,,
2017-06-24 17:00:00,2.2229624810800708e-11,2.192415411179075e-11,4.474192790724329e-11,5.184109423907264e-11,4.937914112731051e-11,1.232356706137679e-10,1.9731790108491458e-10,3.469436886947365e-10,5.873751889613018e-10,1.131148136133612e-09,2.267409541560176e-09,,,,,
2017-06-24 18:00:00,2.1737349141955362e-11,2.1268425185170225e-11,4.558083905550411e-11,4.554756494831343e-11,4.1653153059772127e-11,1.0707086080596249e-10,1.81257141694282e-10,3.2653523641857547e-10,6.196485509921426e-10,1.131148136133612e-09,2.267409541560176e-09,,7.919431480924269e-09,,,
2017-06-24 19:00:00,1.702694666359203e-11,1.744809143877235e-11,3.135252681212017e-11,3.803725257778112e-11,4.072082441985622e-11,1.0376620460824762e-10,1.7806737414980097e-10,3.0977115062030043e-10,5.421924821181248e-10,1.131148136133612e-09,,,,,,
2017-06-24 20:00:00,1.466209296031536e-11,1.5851534052218024e-11,3.0760075436229765e-11,3.79742588559141e-11,4.4150314092266076e-11,9.2089752709655e-11,1.543127175151255e-10,2.9337150146981387e-10,5.421924821181248e-10,1.131148136133612e-09,2.267409541560176e-09,4.337539856944999e-09,,,,
2017-06-24 21:00:00,1.228800646529564e-11,1.2792292103447763e-11,2.2370963953621644e-11,2.068385163215747e-11,3.12398647948291e-11,9.307466985093473e-11,1.2901555070936723e-10,2.551056534520121e-10,5.421924821181248e-10,,,,,,,
2017-06-24 22:00:00,,,,,,,,,,,,,,,,
2017-06-24 23:00:00,,,,,,,,,,,,,,,,
2017-06-25 00:00:00,9.29532292349157e-12,6.482263073228119e-12,9.74617363420649e-12,1.0255743100944746e-11,1.8139276332481412e-11,5.650962098092466e-11,1.479884258136859e-10,,5.421924821181248e-10,,,,,,,
2017-06-25 01:00:00,1.2741252605409004e-11,8.466006480760265e-12,1.0748549087091652e-11,1.1803284898785515e-11,2.1162489054561644e-11,4.60448763548275e-11,9.865895054245729e-11,,,,,,,,,
2017-06-25 02:00:00,1.305978392054423e-11,8.752555672717505e-12,9.000817528214961e-12,1.4220147997108262e-11,1.9788301453616082e-11,4.60448763548275e-11,9.865895054245729e-11,2.551056534520121e-10,5.421924821181248e-10,,,,,,,
2017-06-25 03:00:00,1.858099338288813e-11,9.97848366596458e-12,1.1496189809500014e-11,1.3105716335892882e-11,2.0929934229786244e-11,4.3054949318799734e-11,9.865895054245729e-11,2.551056534520121e-10,5.421924821181248e-10,,,,,,,
2017-06-25 04:00:00,1.7567484652912413e-11,1.1061861892555023e-11,1.3857014502522339e-11,1.5897217048364275e-11,2.0154751480534898e-11,4.9445918358309073e-11,9.865895054245729e-11,2.551056534520121e-10,5.421924821181248e-10,,,,,,,
2017-06-25 05:00:00,1.813698003451782e-11,1.3057558625747938e-11,1.5869402554600357e-11,1.6740992414777455e-11,2.0730601522835895e-11,4.2586960739247567e-11,9.865895054245729e-11,2.551056534520121e-10,,,,,,,,
2017-06-25 06:00:00,2.092654215797479e-11,1.542388475224811e-11,2.181168985478111e-11,1.7736402774575033e-11,2.2674095415601764e-11,4.875339849334676e-11,9.865895054245729e-11,2.551056534520121e-10,,,2.267409541560176e-09,,,,,
2017-06-25 07:00:00,4.055000166312365e-11,2.2893492525055887e-11,2.3745451145687385e-11,1.5836073905870564e-11,2.47353768170201e-11,4.636686849716895e-11,9.865895054245729e-11,2.551056534520121e-10,,,,,,,,
2017-06-25 08:00:00,4.9217914420439785e-11,2.044163653856173e-11,1.8617940395612756e-11,1.5609844278643843e-11,2.061281401418342e-11,4.057100993502283e-11,9.865895054245729e-11,,5.421924821181248e-10,,2.267409541560176e-09,,,,,
2017-06-25 09:00:00,2.6959332217354054e-11,1.1318451472536968e-11,1.1643508178447474e-11,1.3703051706304324e-11,2.2674095415601764e-11,4.7091350817437207e-11,9.865895054245729e-11,,,,,4.337539856944999e-09,,,,
2017-06-25 10:00:00,1.9179446156778555e-11,9.864443852639273e-12,1.2134250537343887e-11,1.4153853600851346e-11,2.0048673841163666e-11,4.97822851498622e-11,1.0852484559670302e-10,2.551056534520121e-10,,,,,,,,
2017-06-25 11:00:00,1.5936218220856264e-11,7.754707306121047e-12,1.1921368948969433e-11,1.45263234324527e-11,1.904624014910548e-11,4.7091350817437207e-11,9.865895054245729e-11,2.551056534520121e-10,,,,,7.919431480924269e-09,,,
2017-06-25 12:00:00,1.3870590904524802e-11,7.8117272127837e-12,1.1363432826441904e-11,1.3041472628363994e-11,2.040668587404159e-11,4.002764819482163e-11,9.865895054245729e-11,2.551056534520121e-10,5.421924821181248e-10,,,,,,,
2017-06-25 13:00:00,1.546324748020093e-11,8.58149595272954e-12,9.860885426925334e-12,1.6401647973937372e-11,2.0730601522835895e-11,3.767308065394977e-11,9.865895054245729e-11,2.551056534520121e-10,,1.131148136133612e-09,,,,,,
2017-06-25 14:00:00,1.7297215658252226e-11,9.277815321381111e-12,1.0636194915449578e-11,1.5229116369408624e-11,2.064124548178919e-11,5.023077420526636e-11,1.1099131936026444e-10,2.551056534520121e-10,,,,,,,,
2017-06-25 15:00:00,1.497097181135558e-11,7.4981177261391e-12,1.1592226775967582e-11,1.6111963695171446e-11,2.195807134984592e-11,4.3054949318799734e-11,9.865895054245729e-11,2.551056534520121e-10,5.421924821181248e-10,,,4.337539856944999e-09,,,,
2017-06-25 16:00:00,1.6235444607801474e-11,8.147081579087788e-12,1.2958181129385754e-11,1.3811914083315682e-11,2.040668587404159e-11,4.3054949318799734e-11,1.1099131936026444e-10,2.551056534520121e-10,5.421924821181248e-10,1.131148136133612e-09,,,,,,
2017-06-25 17:00:00,1.801149800128273e-11,8.410436232741577e-12,1.0081651518572913e-11,1.4050050533028019e-11,1.8139276332481412e-11,3.767308065394977e-11,1.1510210896620018e-10,2.551056534520121e-10,5.421924821181248e-10,,2.267409541560176e-09,,,,,
2017-06-25 18:00:00,1.6978684343117e-11,9.037655206030777e-12,1.0002402152340448e-11,1.4579242643499886e-11,1.9953203965729553e-11,4.036401498637476e-11,1.165969415501768e-10,2.551056534520121e-10,,,2.267409541560176e-09,,,,,
2017-06-25 19:00:00,1.8880219769833345e-11,1.074825240591042e-11,1.3632306159238193e-11,1.4764459882165038e-11,2.2407341351888804e-11,4.574588365122472e-11,9.865895054245729e-11,2.551056534520121e-10,,,2.267409541560176e-09,,,,,
2017-06-25 20:00:00,1.3774066263574736e-11,8.15384665275963e-12,1.0411486572165434e-11,1.0912252607406605e-11,1.9348561421313504e-11,3.767308065394977e-11,1.644315842374288e-10,2.551056534520121e-10,5.421924821181248e-10,,,,,,,
2017-06-25 21:00:00,1.2162104759708596e-11,7.868747119446354e-12,1.0325060286286916e-11,1.236721962172749e-11,2.0730601522835895e-11,4.23822157356935e-11,1.1099131936026444e-10,2.551056534520121e-10,5.421924821181248e-10,,,,,,,
2017-06-25 22:00:00,9.899808487441371e-12,7.163125774496004e-12,9.195756817474283e-12,1.3162451038645664e-11,1.8139276332481412e-11,3.767308065394977e-11,9.865895054245729e-11,,,,,,,,,
2017-06-25 23:00:00,3.053267442532558e-11,1.885078114267366e-11,2.0801572349732378e-11,2.111476520782742e-11,2.1498401579237222e-11,5.112775231607469e-11,1.1026588590039344e-10,2.551056534520121e-10,,1.131148136133612e-09,,,,,,
2017-06-26 00:00:00,3.3349263448248574e-11,2.8538463284658705e-11,2.3419602888947664e-11,1.8460337581700543e-11,2.664206211333207e-11,4.9445918358309073e-11,1.165969415501768e-10,2.551056534520121e-10,5.421924821181248e-10,,,,,,,
2017-06-26 01:00:00,3.029908479422642e-11,2.7569124871393574e-11,2.580718193378599e-11,1.9664575289707406e-11,2.3768706918423916e-11,5.3261941614204845e-11,1.3154526738994304e-10,2.551056534520121e-10,,,,4.337539856944999e-09,,,,
2017-06-26 02:00:00,2.4903357365117602e-11,2.5858527671513934e-11,2.4328423299563542e-11,1.9418043003627003e-11,2.6814582404537733e-11,5.0776760881410556e-11,1.1510210896620018e-10,3.8265848017801816e-10,5.421924821181248e-10,1.131148136133612e-09,,,,,,
2017-06-26 03:00:00,2.338792050220153e-11,2.2209253645104025e-11,2.320987510188246e-11,1.8509696773095465e-11,2.656108320113349e-11,4.89750048501347e-11,1.2462183226415656e-10,2.551056534520121e-10,5.421924821181248e-10,1.131148136133612e-09,,,,,,
2017-06-26 04:00:00,2.0511486201889494e-11,2.0384616631899074e-11,1.8911047918421693e-11,1.9418043003627003e-11,2.0973538259431628e-11,5.5612642870116336e-11,1.1510210896620018e-10,2.551056534520121e-10,5.421924821181248e-10,,,,,,,
2017-06-26 05:00:00,1.6109962574566385e-11,2.2038193925116063e-11,2.566499360357229e-11,1.8098370178137788e-11,2.6949781979686665e-11,4.8835474921786733e-11,1.300504348059664e-10,2.551056534520121e-10,5.421924821181248e-10,,,4.337539856944999e-09,,,,
2017-06-26 06:00:00,1.6727720276646823e-11,2.651425659813446e-11,2.7264612318476386e-11,2.2100894352149035e-11,2.643151694161577e-11,5.13723827099315e-11,1.2825663570519449e-10,2.551056534520121e-10,,1.131148136133612e-09,2.267409541560176e-09,,,,,
2017-06-26 07:00:00,1.5212283413730754e-11,2.950780169792383e-11,3.299717183159193e-11,2.46634652427564e-11,2.764080203044786e-11,4.806565462745316e-11,1.300504348059664e-10,2.91549318230871e-10,5.421924821181248e-10,1.131148136133612e-09,2.267409541560176e-09,,,,,
2017-06-26 08:00:00,1.2895692030929113e-11,2.3093062198375173e-11,2.8103523466737197e-11,2.036066645040501e-11,2.591325190354487e-11,4.9264797778242006e-11,1.127530863342369e-10,2.551056534520121e-10,5.421924821181248e-10,1.131148136133612e-09,,,,,,
2017-06-26 09:00:00,1.1901488229143413e-11,2.3748791124995707e-11,2.922207166441828e-11,2.1854635686807896e-11,2.930190792170074e-11,5.468672998153999e-11,1.233236881780716e-10,2.782970764931041e-10,5.421924821181248e-10,1.131148136133612e-09,2.267409541560176e-09,,,,,
2017-06-26 10:00:00,1.1370602703918035e-11,2.0156537005248454e-11,2.2720510265396987e-11,2.0947187706177997e-11,2.5834726897776553e-11,4.986143027728646e-11,1.2743447778400733e-10,2.8699386013351366e-10,5.421924821181248e-10,1.131148136133612e-09,2.267409541560176e-09,,,,,
2017-06-26 11:00:00,1.0511533399462427e-11,1.9928457378597833e-11,2.418860477485341e-11,2.3391289758536577e-11,2.6270676067731693e-11,5.162607348874599e-11,1.1606935357936152e-10,2.551056534520121e-10,5.421924821181248e-10,1.131148136133612e-09,,,,,,
2017-06-26 12:00:00,8.513473331796015e-12,1.56234544255674e-11,2.118606120184084e-11,1.872970867272399e-11,2.064124548178919e-11,5.13723827099315e-11,1.0314344829438716e-10,2.91549318230871e-10,5.421924821181248e-10,1.131148136133612e-09,,,,,,
2017-06-26 13:00:00,7.1814332866850755e-12,1.4540076198976961e-11,2.069314165710003e-11,1.91425069191842e-11,2.7208914498722115e-11,4.936472637414108e-11,1.1839074065094873e-10,3.061267841424145e-10,5.421924821181248e-10,,,,,,,
2017-06-26 14:00:00,7.1814332866850755e-12,1.2629909325778027e-11,1.7863021863829356e-11,1.5934434613360445e-11,2.58135855500697e-11,4.586288079611276e-11,1.233236881780716e-10,2.551056534520121e-10,5.421924821181248e-10,,,,,,,
2017-06-26 15:00:00,6.46715094365457e-12,1.225927993247077e-11,1.677822296521624e-11,2.7147555267206682e-11,1.8139276332481412e-11,,9.865895054245729e-11,,,,,,,,,
2017-06-26 16:00:00,,,,,,,,,,,,,,,,
2017-06-26 17:00:00,,,,,,,,,,,,,,,,
2017-06-26 18:00:00,,,,,,,,,,,,,,,,
2017-06-26 19:00:00,,,,,,,,,,,,,,,,
2017-06-26 20:00:00,,,,,,,,,,,,,,,,
2017-06-26 21:00:00,,,,,,,,,,,,,,,,
2017-06-26 22:00:00,,,,,,,,,,,,,,,,
2017-06-26 23:00:00,,,,,,,,,,,,,,,,
2017-06-27 00:00:00,,,,,,,,,,,,,,,,
2017-06-27 01:00:00,,,,,,,,,,,,,,,,
2017-06-27 02:00:00,,,,,,,,,,,,,,,,
2017-06-27 03:00:00,,,,,,,,,,,,,,,,
2017-06-27 04:00:00,,,,,,,,,,,,,,,,
2017-06-27 05:00:00,,,,,,,,,,,,,,,,
2017-06-27 06:00:00,,,,,,,,,,,,,,,,
2017-06-27 07:00:00,,,,,,,,,,,,,,,,
2017-06-27 08:00:00,,,,,,,,,,,,,,,,
2017-06-27 09:00:00,,,,,,,,,,,,,,,,
2017-06-27 10:00:00,,,,,,,,,,,,,,,,
2017-06-27 11:00:00,8.108069839805731e-12,1.5395374798916783e-11,1.5380037718114882e-11,9.049185089068894e-12,1.8139276332481412e-11,3.767308065394977e-11,9.865895054245729e-11,2.551056534520121e-10,,,,,7.919431480924269e-09,,,
2017-06-27 12:00:00,6.814639651074817e-12,1.151802114585626e-11,2.3978876987788205e-11,2.1056757611102617e-11,2.6604271954306066e-11,4.9728466463213704e-11,1.17157503769168e-10,3.061267841424145e-10,5.421924821181248e-10,1.131148136133612e-09,2.267409541560176e-09,,,1.3072119431698439e-08,,
2017-06-27 13:00:00,6.322363982229469e-12,1.0234090144107518e-11,2.1252415755940564e-11,2.1718044213765344e-11,2.7521660642385586e-11,4.5207696784739726e-11,1.0482513495136085e-10,2.551056534520121e-10,5.421924821181248e-10,1.508197514844816e-09,2.267409541560176e-09,,,,,
2017-06-27 14:00:00,6.360973838609495e-12,1.0491662825928475e-11,2.3908967725433138e-11,2.663533724329712e-11,2.691634552561758e-11,5.096946206122616e-11,1.0523621391195445e-10,2.551056534520121e-10,5.421924821181248e-10,1.131148136133612e-09,2.267409541560176e-09,4.337539856944999e-09,7.919431480924269e-09,,,
2017-06-27 15:00:00,8.410806213694583e-12,1.3804121589726418e-11,2.5357996072429085e-11,2.6070271328031812e-11,2.930190792170074e-11,5.720727062266447e-11,1.2767628893729766e-10,2.551056534520121e-10,5.421924821181248e-10,1.131148136133612e-09,2.267409541560176e-09,,7.919431480924269e-09,,,
2017-06-27 16:00:00,1.3658236694434652e-11,1.6906402325477134e-11,2.292541672402391e-11,2.547178025071244e-11,3.0073010761745493e-11,6.658497976046938e-11,1.1383725062591223e-10,3.2467992257528814e-10,5.421924821181248e-10,1.131148136133612e-09,2.267409541560176e-09,4.337539856944999e-09,,,,
2017-06-27 17:00:00,1.4304951788800109e-11,1.838891989870616e-11,2.2370963953621644e-11,2.2537593052020643e-11,2.7441469323497515e-11,6.858432631872907e-11,1.2093677808430249e-10,3.3359970066801584e-10,5.421924821181248e-10,1.131148136133612e-09,2.267409541560176e-09,,7.919431480924269e-09,,,
2017-06-27 18:00:00,1.3658236694434652e-11,1.870252938535076e-11,2.35594214136578e-11,2.8239698295197756e-11,3.906921056226765e-11,7.463534846537218e-11,1.8087474266117167e-10,3.36739462556656e-10,5.69302106224031e-10,1.25683126237068e-09,2.267409541560176e-09,4.337539856944999e-09,,,,
2017-06-27 19:00:00,1.3001869135974188e-11,1.8018290505398903e-11,3.0200801337389226e-11,3.947316944024879e-11,4.063197898475836e-11,9.620090238419315e-11,2.61263517177248e-10,4.027984001873876e-10,9.118691744713917e-10,1.6669551479863755e-09,2.267409541560176e-09,5.421924821181247e-09,7.919431480924269e-09,1.3072119431698439e-08,,
2017-06-27 20:00:00,1.3006286365305802e-11,2.2179777252676718e-11,3.9315073304087205e-11,5.199447025753144e-11,5.187196565253456e-11,1.474996886620745e-10,3.127302583232609e-10,5.545775075043742e-10,7.507280521635574e-10,1.49473146560513e-09,2.441825660141728e-09,5.421924821181247e-09,7.919431480924269e-09,,,
2017-06-27 21:00:00,1.3889895832714818e-11,2.6115117251495875e-11,4.306410561072168e-11,6.165715942043552e-11,6.087418159036133e-11,1.743178138733608e-10,3.58914458007905e-10,5.310362582062293e-10,8.974220393679306e-10,1.6401647973937375e-09,2.4563603366901905e-09,4.8797323390631226e-09,7.919431480924269e-09,1.3072119431698439e-08,2.008120304141203e-08,
2017-06-27 22:00:00,1.580108372352617e-11,3.552340185083391e-11,5.795477849235108e-11,8.581643859467e-11,7.890585204629413e-11,1.871096339146172e-10,4.456095932834321e-10,6.064775912255383e-10,9.231926046876178e-10,1.3451491348615927e-09,2.267409541560176e-09,4.337539856944999e-09,7.919431480924269e-09,1.3072119431698439e-08,,
2017-06-27 23:00:00,1.8552363192775825e-11,4.1750168946215e-11,7.031212929067312e-11,9.386612329678244e-11,8.762192804673222e-11,2.586033502516891e-10,4.3476825662777783e-10,6.353574765219924e-10,8.90744792051205e-10,1.6338806410818837e-09,2.934294700842581e-09,4.337539856944999e-09,7.919431480924269e-09,1.3072119431698439e-08,,
2017-06-28 00:00:00,2.2007618136615555e-11,4.8947088298310476e-11,8.2934461762275e-11,1.0811394816940205e-10,1.0215276671450057e-10,2.7098180821262113e-10,5.867611269104039e-10,7.444920090538312e-10,9.330754343428194e-10,1.929605643992632e-09,2.965074015886384e-09,5.126183467298634e-09,7.919431480924269e-09,1.3072119431698439e-08,,
2017-06-28 01:00:00,2.693528285765971e-11,6.039277910761518e-11,1.0792094263219596e-10,1.4171944105592641e-10,1.463439921061212e-10,3.773693333302426e-10,7.1235106662859e-10,8.458766403935139e-10,1.0843849642362497e-09,2.1178943825480394e-09,2.9888580320565957e-09,5.868436277043233e-09,9.899289351155337e-09,1.3072119431698439e-08,,
2017-06-28 02:00:00,,,,,,,,,,,,,,,,
2017-06-28 03:00:00,,,,,,,,,,,,,,,,
2017-06-28 04:00:00,,,,,,,,,,,,,,,,
2017-06-28 05:00:00,,,,,,,,,,,,,,,,
2017-06-28 06:00:00,,,,,,,,,,,,,,,,
2017-06-28 07:00:00,,,,,,,,,,,,,,,,
2017-06-28 08:00:00,,,,,,,,,,,,,,,,
2017-06-28 09:00:00,,,,,,,,,,,,,,,,
2017-06-28 10:00:00,,,,,,,,,,,,,,,,
2017-06-28 11:00:00,,,,,,,,,,,,,,,,
2017-06-28 12:00:00,6.486455871844584e-12,1.447165231098178e-11,3.187862363391085e-11,4.723674616493962e-11,4.232497810912329e-11,1.020312601044473e-10,2.354361319763185e-10,3.6565143661455063e-10,6.712859302414879e-10,1.7965293926827953e-09,2.267409541560176e-09,4.337539856944999e-09,7.919431480924269e-09,1.3072119431698439e-08,,
2017-06-28 13:00:00,4.2307240931673976e-12,1.0582508100950331e-11,3.1531487986354654e-11,5.230122229444903e-11,5.105870375068841e-11,9.056029003353311e-11,1.844493423185071e-10,3.5431340757223905e-10,6.008078855903546e-10,1.5325232812132805e-09,2.5193439350668622e-09,4.337539856944999e-09,7.919431480924269e-09,1.3072119431698439e-08,,
2017-06-28 14:00:00,4.8358845115984175e-12,1.214524011914546e-11,3.76111831470264e-11,5.97246215878547e-11,7.071243316052074e-11,1.4127405245231162e-10,3.416522916933243e-10,5.662101088812952e-10,9.918155160697405e-10,1.8583147950766481e-09,2.6675406371296188e-09,4.337539856944999e-09,7.919431480924269e-09,1.3072119431698439e-08,2.008120304141203e-08,
2017-06-28 15:00:00,7.460209537835782e-12,1.606221777514105e-11,5.310734133481579e-11,8.405005811541957e-11,9.632581224834956e-11,2.081597337828411e-10,3.9463580216982916e-10,5.77597705929084e-10,9.036541368635412e-10,1.7149665289767664e-09,2.506084230145458e-09,4.337539856944999e-09,7.919431480924269e-09,1.3072119431698439e-08,,
2017-06-28 16:00:00,1.0149811397529208e-11,1.8787576025796752e-11,6.242067696381295e-11,9.248573913065328e-11,8.82368187698672e-11,1.8373888459294801e-10,4.4396527744105777e-10,6.483935358571974e-10,8.132887231771872e-10,1.8538261119967528e-09,2.915240839148798e-09,4.337539856944999e-09,7.919431480924269e-09,1.3072119431698439e-08,2.008120304141203e-08,
2017-06-28 17:00:00,1.1003809068307778e-11,2.1677395550198918e-11,6.508793391678712e-11,9.267613694667108e-11,8.44414587891376e-11,2.0753240921649524e-10,4.3444555414310136e-10,6.319662778697572e-10,9.089697494333268e-10,1.6419892298713723e-09,2.5193439350668622e-09,6.816134060913568e-09,7.919431480924269e-09,1.3072119431698439e-08,,
2017-06-28 18:00:00,7.52892199410532e-12,1.3684777599037139e-11,4.194555741304059e-11,1.0859022106882673e-10,5.441782899744423e-11,1.5069232261579909e-10,1.9731790108491458e-10,5.102113069040242e-10,5.421924821181248e-10,,,,7.919431480924269e-09,,,
2017-06-28 19:00:00,2.302112686659127e-11,2.1560652206816323e-11,4.264465003659126e-11,4.88278945431009e-11,5.844877929355121e-11,1.5932573693232928e-10,3.49595846487403e-10,4.826323173416445e-10,6.777406026476559e-10,1.721312381072888e-09,2.267409541560176e-09,4.337539856944999e-09,7.919431480924269e-09,,2.008120304141203e-08,
2017-06-28 20:00:00,2.7712224416764584e-11,2.7284025338080296e-11,5.2711583815721e-11,6.047872034527711e-11,7.130612075527174e-11,1.805709727896213e-10,3.2228590510536046e-10,5.622736851595369e-10,7.393533847065337e-10,1.663453141372959e-09,2.267409541560176e-09,5.060463166435831e-09,7.919431480924269e-09,1.3072119431698439e-08,,
2017-06-28 21:00:00,3.069483582212169e-11,2.9257110728975956e-11,6.002553905659257e-11,6.880501076343764e-11,7.585515557219498e-11,2.0330472835665996e-10,3.659350165574779e-10,4.991197567539368e-10,8.292355608865437e-10,1.4453559517262817e-09,2.5766017517729273e-09,5.060463166435831e-09,7.919431480924269e-09,1.3072119431698439e-08,,
2017-06-28 22:00:00,3.274501919590114e-11,2.925121211794189e-11,6.073716713408279e-11,6.96787251858305e-11,7.59582196422659e-11,2.192573294059877e-10,3.865820102888122e-10,5.034980002342344e-10,8.52016757614196e-10,1.6784778794240695e-09,3.0232127220802344e-09,4.337539856944999e-09,,,,
